{"index": {"direct": 0.19196799993515015, "spatial": 0.28804038763046264, "temporal": 0.27649124145507814, "spatiotemporal": 0.44643224477767945}, "linear": {"direct": 0.5890421891212463, "spatial": 0.6802186751365662, "temporal": 0.6656234192848206, "spatiotemporal": 0.8379400444030761}, "direct_data": {"index": [0.18300104141235352, 0.17913603782653809, 0.16522693634033203, 0.1984550952911377, 0.20760798454284668, 0.19368410110473633, 0.19998788833618164, 0.20309996604919434, 0.1697521209716797, 0.31820106506347656, 0.17240405082702637, 0.16847610473632812, 0.17686796188354492, 0.17927122116088867, 0.2043018341064453, 0.22311019897460938, 0.17503833770751953, 0.20187592506408691, 0.17776012420654297, 0.21340203285217285, 0.19318413734436035, 0.16719889640808105, 0.19380617141723633, 0.15766406059265137, 0.22508907318115234, 0.22643518447875977, 0.1916959285736084, 0.18459796905517578, 0.16725587844848633, 0.18118977546691895, 0.32150912284851074, 0.13258004188537598, 0.24004197120666504, 0.18146800994873047, 0.20388507843017578, 0.156005859375, 0.15657591819763184, 0.2246561050415039, 0.15518903732299805, 0.21439003944396973, 0.18934106826782227, 0.19010615348815918, 0.21283888816833496, 0.1973097324371338, 0.2070760726928711, 0.10590386390686035, 0.18650007247924805, 0.18100571632385254, 0.21095991134643555, 0.20492005348205566, 0.32746076583862305, 0.16970300674438477, 0.19180083274841309, 0.18927788734436035, 0.14216184616088867, 0.1891181468963623, 0.18259596824645996, 0.1758120059967041, 0.19965696334838867, 0.18509793281555176, 0.21409201622009277, 0.25168895721435547, 0.19332408905029297, 0.1465919017791748, 0.1580522060394287, 0.22038912773132324, 0.1523587703704834, 0.17556285858154297, 0.15331387519836426, 0.15954136848449707, 0.14902091026306152, 0.15055394172668457, 0.15369820594787598, 0.19079303741455078, 0.1885218620300293, 0.17767596244812012, 0.18863701820373535, 0.23900699615478516, 0.17272090911865234, 0.19758892059326172, 0.1664438247680664, 0.20599794387817383, 0.17677617073059082, 0.19965910911560059, 0.22881817817687988, 0.2039780616760254, 0.2434978485107422, 0.20882511138916016, 0.17472290992736816, 0.16360807418823242, 0.16059589385986328, 0.19746184349060059, 0.17186689376831055, 0.21098804473876953, 0.19971203804016113, 0.2130739688873291, 0.22604107856750488, 0.15665578842163086, 0.23973512649536133, 0.1914839744567871], "linear": [0.545159101486206, 0.656243085861206, 0.550645112991333, 0.6182911396026611, 0.580960750579834, 0.5813689231872559, 0.5869560241699219, 0.591325044631958, 0.5622053146362305, 0.6368041038513184, 0.5453879833221436, 0.6226451396942139, 0.6403717994689941, 0.603644847869873, 0.596466064453125, 0.622722864151001, 0.566309928894043, 0.613739013671875, 0.6385390758514404, 0.7081871032714844, 0.6240551471710205, 0.5547840595245361, 0.6183068752288818, 0.559516191482544, 0.6943521499633789, 0.6088471412658691, 0.5790159702301025, 0.5633339881896973, 0.5979559421539307, 0.5690059661865234, 0.6899559497833252, 0.5181410312652588, 0.6393930912017822, 0.5850858688354492, 0.6050450801849365, 0.5424158573150635, 0.5203180313110352, 0.5917742252349854, 0.5374398231506348, 0.5807747840881348, 0.5595090389251709, 0.6004400253295898, 0.6250381469726562, 0.5647728443145752, 0.5971920490264893, 0.5001499652862549, 0.5944149494171143, 0.5787739753723145, 0.6413140296936035, 0.5678019523620605, 0.5740301609039307, 0.5593051910400391, 0.5799522399902344, 0.5870976448059082, 0.5774908065795898, 0.6173200607299805, 0.5568809509277344, 0.5598437786102295, 0.5678470134735107, 0.5698199272155762, 0.5627608299255371, 0.6273000240325928, 0.593825101852417, 0.5677368640899658, 0.5364789962768555, 0.609407901763916, 0.5492649078369141, 0.5542938709259033, 0.6613609790802002, 0.5646181106567383, 0.5284759998321533, 0.5262808799743652, 0.5954282283782959, 0.6057121753692627, 0.598966121673584, 0.559913158416748, 0.5898199081420898, 0.6095290184020996, 0.5879011154174805, 0.5942661762237549, 0.5530569553375244, 0.6097049713134766, 0.6017401218414307, 0.5831449031829834, 0.6423256397247314, 0.6222000122070312, 0.5787198543548584, 0.6246621608734131, 0.5532689094543457, 0.5654041767120361, 0.5356841087341309, 0.5862460136413574, 0.5516729354858398, 0.6027567386627197, 0.6327149868011475, 0.6729669570922852, 0.6034040451049805, 0.5333118438720703, 0.6190061569213867, 0.5824027061462402]}, "spatial_data": {"index": [0.20641589164733887, 0.2951517105102539, 0.22897577285766602, 0.2125239372253418, 0.3227541446685791, 0.2670326232910156, 0.2459709644317627, 0.32004213333129883, 0.26800012588500977, 0.2818930149078369, 0.16376423835754395, 0.16766881942749023, 0.3563096523284912, 0.28962182998657227, 0.23932909965515137, 0.3123209476470947, 0.20132899284362793, 0.509329080581665, 0.32010722160339355, 0.23879718780517578, 0.24562716484069824, 0.26838207244873047, 0.19353508949279785, 0.220811128616333, 0.28059816360473633, 1.1262271404266357, 0.22590899467468262, 0.20764493942260742, 0.17203903198242188, 0.1997230052947998, 0.3693976402282715, 0.20533204078674316, 0.23280787467956543, 0.26776909828186035, 0.23592901229858398, 0.29763031005859375, 0.25881505012512207, 0.2502930164337158, 0.2886679172515869, 0.4495706558227539, 0.44953083992004395, 0.2953011989593506, 0.22022294998168945, 0.22260117530822754, 0.2689547538757324, 0.14890599250793457, 0.19110798835754395, 0.216933012008667, 0.22298192977905273, 0.33536386489868164, 0.19516706466674805, 0.302142858505249, 0.24389314651489258, 0.1913740634918213, 0.2952911853790283, 0.2835540771484375, 0.2686281204223633, 0.20203280448913574, 0.23911023139953613, 0.23607802391052246, 0.18155312538146973, 0.35312986373901367, 0.26334571838378906, 0.3213059902191162, 0.2082669734954834, 0.22262787818908691, 0.15591692924499512, 0.20111894607543945, 0.5939340591430664, 0.5372610092163086, 0.15648889541625977, 0.3183302879333496, 0.2620711326599121, 0.2083280086517334, 0.2821919918060303, 0.1827387809753418, 0.3498210906982422, 0.2955958843231201, 0.1691582202911377, 0.3101382255554199, 0.5101668834686279, 0.3476128578186035, 0.2801401615142822, 0.1982269287109375, 0.3311941623687744, 0.595383882522583, 0.2122488021850586, 0.4004709720611572, 0.8436698913574219, 0.19568824768066406, 0.25839805603027344, 0.24752306938171387, 0.30727720260620117, 0.3101358413696289, 0.24707388877868652, 0.23794817924499512, 0.302415132522583, 0.32497572898864746, 0.3228318691253662, 0.28411197662353516],